genus_species,dispersal_mode,fruit_color,fruit_length_width,seed_size,average_height,leaf_area,wood_density,spinescence,growth_rate,longevity
rhodocolea_racemosa,local knowledge,,,,this study,Razafindratsima unpbl. Data,Razafindratsima unpub. Data,Razafindratsima unpub. Data,Razafindratsima unpub. Data,Razafindratsima unpub. Data
nuxia_capitata,Razafindratsima and Dunham 2016b,,,,this study,Razafindratsima unpbl. Data,Brown unpb. Data,Razafindratsima unpub. Data,Razafindratsima unpub. Data,Razafindratsima unpub. Data
nuxia_coricea,Razafindratsima and Dunham 2016a,,,,this study,Razafindratsima unpbl. Data,Razafindratsima unpub. Data,Razafindratsima unpub. Data,Razafindratsima unpub. Data,Razafindratsima unpub. Data
nuxia_pachyphylla,Razafindratsima and Dunham 2016b,Razafindratsima unpbl. Data,Razafindratsima and Dunham 2016b,Hemingway 1996,this study,Razafindratsima unpbl. Data,Razafindratsima unpub. Data,Razafindratsima unpub. Data,Razafindratsima unpub. Data,Razafindratsima unpub. Data
noronhia_grandifolia,local knowledge,MBG voucher,MBG voucher,MBG voucher,this study,Razafindratsima unpbl. Data,Razafindratsima unpub. Data,Razafindratsima unpub. Data,Razafindratsima unpub. Data,Razafindratsima unpub. Data
noronhia_incurvifolius,"Overdorff 1993, Dew and Wright 1998, Razafindratsima et al. 2014",Razafindratsima unpbl. Data,Razafindratsima and Dunham 2016b,Razafindratsima and Dunham 2016b,this study,Razafindratsima unpbl. Data,Razafindratsima unpub. Data,Razafindratsima unpub. Data,Razafindratsima unpub. Data,Razafindratsima unpub. Data
noronhia_introversa,Razafindratsima et al. 2014 ,Razafindratsima unpbl. Data,Razafindratsima and Dunham 2016b,Razafindratsima and Dunham 2016b,this study,Razafindratsima unpbl. Data,Razafindratsima unpub. Data,Razafindratsima unpub. Data,Razafindratsima unpub. Data,Razafindratsima unpub. Data
petchia_cryptophlebia,Overdorff 1993,,,,this study,Razafindratsima unpbl. Data,Razafindratsima unpub. Data,Razafindratsima unpub. Data,Razafindratsima unpub. Data,Razafindratsima unpub. Data
carissa_edulis,Razafindratsima and Dunham 2016b,Razafindratsima unpbl. Data,Razafindratsima and Dunham 2016b,Razafindratsima and Dunham 2016b,this study,Razafindratsima unpbl. Data,Brown unpb. Data,Razafindratsima unpub. Data,Razafindratsima unpub. Data,Razafindratsima unpub. Data
craspidospermum_verticillatum,Razafindratsima and Dunham 2016b,MBG voucher,MBG voucher,Razafindratsima unpbl. Data,this study,Razafindratsima unpbl. Data,Razafindratsima unpub. Data,Razafindratsima unpub. Data,Razafindratsima unpub. Data,Razafindratsima unpub. Data
mascarenhasia_arborescens,Razafindratsima and Dunham 2016b,Razafindratsima unpbl. Data,Razafindratsima and Dunham 2016b,Hemingway 1996,this study,Razafindratsima unpbl. Data,Razafindratsima unpub. Data,Razafindratsima unpub. Data,Razafindratsima unpub. Data,Razafindratsima unpub. Data
tabernaemontana_retusa,Razafindratsima and Dunham 2016b,MBG voucher,MBG voucher,Wright unpb. Data,this study,Razafindratsima unpbl. Data,Razafindratsima unpub. Data,Razafindratsima unpub. Data,Razafindratsima unpub. Data,Razafindratsima unpub. Data
anthocleista_amplexicaulis,Razafindratsima et al. 2014 ,Razafindratsima unpbl. Data,Razafindratsima and Dunham 2016b,Wright unpb. Data,this study,Razafindratsima unpbl. Data,Brown unpb. Data,Razafindratsima unpub. Data,Razafindratsima unpub. Data,Razafindratsima unpub. Data
anthocleista_madagascariensis,Razafindratsima and Dunham 2016b,Razafindratsima unpbl. Data,Razafindratsima and Dunham 2016b,Razafindratsima unpbl. Data,this study,Razafindratsima unpbl. Data,Razafindratsima unpub. Data,Razafindratsima unpub. Data,Razafindratsima unpub. Data,Razafindratsima unpub. Data
antirhea_borbonica,"White et al. 1995, Dew and Wright 1998, Razafindratsima et al. 2014",Razafindratsima unpbl. Data,Razafindratsima and Dunham 2016b,Razafindratsima and Dunham 2016b,this study,Razafindratsima unpbl. Data,Razafindratsima unpub. Data,Razafindratsima unpub. Data,Razafindratsima unpub. Data,Razafindratsima unpub. Data
bremeria_erectiloba,"White et al. 1995, Dew and Wright 1998, Razafindratsima et al. 2014",Razafindratsima unpbl. Data,Razafindratsima and Dunham 2016b,Razafindratsima and Dunham 2016b,this study,Razafindratsima unpbl. Data,Brown unpb. Data,Razafindratsima unpub. Data,Razafindratsima unpub. Data,Razafindratsima unpub. Data
breonia_decaryana,local knowledge,MBG voucher,MBG voucher,Razafindratsima unpbl. Data,this study,Razafindratsima unpbl. Data,Razafindratsima unpub. Data,Razafindratsima unpub. Data,Razafindratsima unpub. Data,Razafindratsima unpub. Data
chassalia_sp_2,Razafindratsima and Dunham 2016b,,,,this study,Razafindratsima unpbl. Data,Razafindratsima unpub. Data,Razafindratsima unpub. Data,Razafindratsima unpub. Data,Razafindratsima unpub. Data
chassalia_ternifolia,Razafindratsima and Dunham 2016b,Razafindratsima unpbl. Data,Razafindratsima and Dunham 2016b,Razafindratsima and Dunham 2016b,this study,Razafindratsima unpbl. Data,Razafindratsima unpub. Data,Razafindratsima unpub. Data,Razafindratsima unpub. Data,Razafindratsima unpub. Data
gaertnera_brevipedicellata,Razafindratsima et al. 2014 ,Razafindratsima unpbl. Data,Razafindratsima and Dunham 2016b,Razafindratsima and Dunham 2016b,this study,Razafindratsima unpbl. Data,Razafindratsima unpub. Data,Razafindratsima unpub. Data,Razafindratsima unpub. Data,Razafindratsima unpub. Data
gaertnera_obovata_var_sphaerocarpa_1,Razafindratsima and Dunham 2016b,Razafindratsima unpbl. Data,Razafindratsima and Dunham 2016b,Razafindratsima and Dunham 2016b,this study,Razafindratsima unpbl. Data,Razafindratsima unpub. Data,Razafindratsima unpub. Data,Razafindratsima unpub. Data,Razafindratsima unpub. Data
gyrostipula_foveolata,Razafindratsima and Dunham 2016b,,,,this study,Razafindratsima unpbl. Data,Razafindratsima unpub. Data,Razafindratsima unpub. Data,Razafindratsima unpub. Data,Razafindratsima unpub. Data
lemyrea_krugii,Razafindratsima and Dunham 2016b,Razafindratsima unpbl. Data,Razafindratsima and Dunham 2016b,Razafindratsima and Dunham 2016b,this study,Razafindratsima unpbl. Data,Razafindratsima unpub. Data,Razafindratsima unpub. Data,Razafindratsima unpub. Data,Razafindratsima unpub. Data
psychotria_mandrarensis,Razafindratsima and Dunham 2016b,Razafindratsima unpbl. Data,Razafindratsima and Dunham 2016b,Razafindratsima and Dunham 2016b,this study,Razafindratsima unpbl. Data,Razafindratsima unpub. Data,Razafindratsima unpub. Data,Razafindratsima unpub. Data,Razafindratsima unpub. Data
psychotria_reducta,"Overdorff 1993, Razafindratsima et al. 2014, and Razafindratsima and Dunham 2016a",Wright unbpl. Data,Wright unpbl. Data,Wright unpb. Data,this study,Razafindratsima unpbl. Data,Razafindratsima unpub. Data,Razafindratsima unpub. Data,Razafindratsima unpub. Data,Razafindratsima unpub. Data
psychotria_sp,Razafindratsima and Dunham 2016b,Razafindratsima unpbl. Data,Razafindratsima and Dunham 2016b,Razafindratsima and Dunham 2016b,this study,,Brown unpb. Data,Razafindratsima unpub. Data,Razafindratsima unpub. Data,Razafindratsima unpub. Data
apodytes_dimidiata,local knowledge,MBG voucher,MBG voucher,Razafindratsima unpbl. Data,this study,Razafindratsima unpbl. Data,Razafindratsima unpub. Data,Razafindratsima unpub. Data,Razafindratsima unpub. Data,Razafindratsima unpub. Data
cassinopsis_madagascariensis,,,,,this study,Razafindratsima unpbl. Data,Razafindratsima unpub. Data,Razafindratsima unpub. Data,Razafindratsima unpub. Data,Razafindratsima unpub. Data
ilex_mitis,Razafindratsima and Dunham 2016b,Razafindratsima unpbl. Data,Razafindratsima and Dunham 2016b,Razafindratsima and Dunham 2016b,this study,Razafindratsima unpbl. Data,Brown unpb. Data,Razafindratsima unpub. Data,Razafindratsima unpub. Data,Razafindratsima unpub. Data
polyscias_ariadnes,Razafindratsima and Dunham 2016a,Razafindratsima unpbl. Data,Razafindratsima and Dunham 2016b,Razafindratsima and Dunham 2016b,this study,Razafindratsima unpbl. Data,Razafindratsima unpub. Data,Razafindratsima unpub. Data,Razafindratsima unpub. Data,Razafindratsima unpub. Data
polyscias_myrsine,local knowledge,,,,this study,Razafindratsima unpbl. Data,genus-level average,Razafindratsima unpub. Data,Razafindratsima unpub. Data,Razafindratsima unpub. Data
polyscias_ornifolia_2,local knowledge,MBG voucher,MBG voucher,MBG voucher,this study,Razafindratsima unpbl. Data,genus-level average,Razafindratsima unpub. Data,Razafindratsima unpub. Data,Razafindratsima unpub. Data
polyscias_tripinnata,Razafindratsima and Dunham 2016b,Razafindratsima unpbl. Data,Razafindratsima and Dunham 2016b,,this study,Razafindratsima unpbl. Data,Razafindratsima unpub. Data,Razafindratsima unpub. Data,Razafindratsima unpub. Data,Razafindratsima unpub. Data
polyscias_ornifolia_3,local knowledge,,,,this study,,genus-level average,Razafindratsima unpub. Data,Razafindratsima unpub. Data,Razafindratsima unpub. Data
schefflera_longipedicellata,,Hemingway 1996,,,this study,Razafindratsima unpbl. Data,Razafindratsima unpub. Data,Razafindratsima unpub. Data,Razafindratsima unpub. Data,Razafindratsima unpub. Data
pittosporum_verticillatum_1,,Wright unbpl. Data,,,this study,,genus-level average,Razafindratsima unpub. Data,Razafindratsima unpub. Data,Razafindratsima unpub. Data
melanophylla_crenata,Razafindratsima et al. 2014 ,Razafindratsima unpbl. Data,MBG voucher,Wright unpb. Data,this study,Razafindratsima unpbl. Data,Razafindratsima unpub. Data,Razafindratsima unpub. Data,Razafindratsima unpub. Data,Razafindratsima unpub. Data
apodocephala_pauciflora,Razafindratsima unpbl. Data,MBG voucher,MBG voucher,,this study,Razafindratsima unpbl. Data,Brown unpb. Data,Razafindratsima unpub. Data,Razafindratsima unpub. Data,Razafindratsima unpub. Data
brachylaena_merana,Razafindratsima unpbl. Data,MBG voucher,MBG voucher,,this study,Razafindratsima unpbl. Data,Razafindratsima unpub. Data,Razafindratsima unpub. Data,Razafindratsima unpub. Data,Razafindratsima unpub. Data
brachylaena_ramiflora,Razafindratsima unpbl. Data,MBG voucher,MBG voucher,,this study,Razafindratsima unpbl. Data,Brown unpb. Data,Razafindratsima unpub. Data,Razafindratsima unpub. Data,Razafindratsima unpub. Data
distephanus_garnieranus,Razafindratsima unpbl. Data,Razafindratsima unpbl. Data,MBG voucher,,this study,Razafindratsima unpbl. Data,Brown unpb. Data,Razafindratsima unpub. Data,Razafindratsima unpub. Data,Razafindratsima unpub. Data
oncostemum_botryoides,"Overdorff 1993, White et al. 1995, Dew and Wright 1998, Razafindratsima et al. 2014",Razafindratsima unpbl. Data,Razafindratsima and Dunham 2016b,Razafindratsima and Dunham 2016b,this study,Razafindratsima unpbl. Data,Brown unpb. Data,Razafindratsima unpub. Data,Razafindratsima unpub. Data,Razafindratsima unpub. Data
oncostemum_leprosum,Razafindratsima and Dunham 2016b,Razafindratsima unpbl. Data,Razafindratsima and Dunham 2016b,Razafindratsima and Dunham 2016b,this study,Razafindratsima unpbl. Data,Razafindratsima unpub. Data,Razafindratsima unpub. Data,Razafindratsima unpub. Data,Razafindratsima unpub. Data
oncostemum_nervosum,"Overdorff 1993, Razafindratsima et al. 2014, and Razafindratsima and Dunham 2016a",Razafindratsima unpbl. Data,Razafindratsima and Dunham 2016b,Razafindratsima and Dunham 2016b,this study,Razafindratsima unpbl. Data,Brown unpb. Data,Razafindratsima unpub. Data,Razafindratsima unpub. Data,Razafindratsima unpub. Data
oncostemum_palmiforme,Razafindratsima and Dunham 2016b,Razafindratsima unpbl. Data,Razafindratsima and Dunham 2016b,Razafindratsima and Dunham 2016b,this study,Razafindratsima unpbl. Data,Razafindratsima unpub. Data,Razafindratsima unpub. Data,Razafindratsima unpub. Data,Razafindratsima unpub. Data
diospyros_gracilipes_var_lecomtei,Razafindratsima et al. 2014 ,Razafindratsima unpbl. Data,Razafindratsima and Dunham 2016b,Razafindratsima unpbl. Data,this study,Razafindratsima unpbl. Data,Razafindratsima unpub. Data,Razafindratsima unpub. Data,Razafindratsima unpub. Data,Razafindratsima unpub. Data
chrysophyllum_boivinianum,"White et al. 1995, Dew and Wright 1998, Razafindratsima et al. 2014",Razafindratsima unpbl. Data,Razafindratsima and Dunham 2016b,Razafindratsima and Dunham 2016b,this study,Razafindratsima unpbl. Data,Razafindratsima unpub. Data,Razafindratsima unpub. Data,Razafindratsima unpub. Data,Razafindratsima unpub. Data
sideroxylon_betsimisarakum,Razafindratsima and Dunham 2016b,Razafindratsima unpbl. Data,MBG voucher,Razafindratsima and Dunham 2016b,this study,Razafindratsima unpbl. Data,Razafindratsima unpub. Data,Razafindratsima unpub. Data,Razafindratsima unpub. Data,Razafindratsima unpub. Data
abrahamia_ditimena_1,Razafindratsima and Dunham 2016b,Razafindratsima unpbl. Data,Razafindratsima and Dunham 2016b,Razafindratsima and Dunham 2016b,this study,Razafindratsima unpbl. Data,Razafindratsima unpub. Data,Razafindratsima unpub. Data,Razafindratsima unpub. Data,Razafindratsima unpub. Data
abrahamia_oblongifolia,Razafindratsima and Dunham 2016b,,,,this study,Razafindratsima unpbl. Data,Razafindratsima unpub. Data,Razafindratsima unpub. Data,Razafindratsima unpub. Data,Razafindratsima unpub. Data
abrahamia_sp,Razafindratsima and Dunham 2016b,,,,this study,Razafindratsima unpbl. Data,Razafindratsima unpub. Data,Razafindratsima unpub. Data,Razafindratsima unpub. Data,Razafindratsima unpub. Data
abrahamia_sp_2,Razafindratsima and Dunham 2016b,Hemingway 1996,MBG voucher,Hemingway 1996,this study,Razafindratsima unpbl. Data,Razafindratsima unpub. Data,Razafindratsima unpub. Data,Razafindratsima unpub. Data,Razafindratsima unpub. Data
abrahamia_thouvenotii,Razafindratsima and Dunham 2016b,Razafindratsima unpbl. Data,Razafindratsima and Dunham 2016b,Razafindratsima and Dunham 2016b,this study,Razafindratsima unpbl. Data,Razafindratsima unpub. Data,Razafindratsima unpub. Data,Razafindratsima unpub. Data,Razafindratsima unpub. Data
micronychia_macrophylla,"Overdorff 1993, White et al. 1995",Razafindratsima unpbl. Data,Razafindratsima and Dunham 2016b,Razafindratsima and Dunham 2016b,this study,Razafindratsima unpbl. Data,Razafindratsima unpub. Data,Razafindratsima unpub. Data,Razafindratsima unpub. Data,Razafindratsima unpub. Data
canarium_madagascariensis,Razafindratsima and Dunham 2016b,Razafindratsima unpbl. Data,Razafindratsima and Dunham 2016b,Razafindratsima and Dunham 2016b,this study,Razafindratsima unpbl. Data,Razafindratsima unpub. Data,Razafindratsima unpub. Data,Razafindratsima unpub. Data,Razafindratsima unpub. Data
zanthoxylum_madagascariensis,Razafindratsima and Dunham 2016b,Razafindratsima unpbl. Data,Razafindratsima and Dunham 2016b,Razafindratsima and Dunham 2016b,this study,Razafindratsima unpbl. Data,Razafindratsima unpub. Data,Razafindratsima unpub. Data,Razafindratsima unpub. Data,Razafindratsima unpub. Data
allophylus_cobbe,"Overdorff 1993, Razafindratsima et al. 2014, and Razafindratsima and Dunham 2016a",Razafindratsima unpbl. Data,Razafindratsima and Dunham 2016b,Razafindratsima and Dunham 2016b,this study,Razafindratsima unpbl. Data,Brown unpb. Data,Razafindratsima unpub. Data,Razafindratsima unpub. Data,Razafindratsima unpub. Data
beguea_apetala,local knowledge,MBG voucher,MBG voucher,MBG voucher,this study,Razafindratsima unpbl. Data,Razafindratsima unpub. Data,Razafindratsima unpub. Data,Razafindratsima unpub. Data,Razafindratsima unpub. Data
deinbollia_neglecta,Razafindratsima and Dunham 2016b,Razafindratsima unpbl. Data,Razafindratsima and Dunham 2016b,Razafindratsima and Dunham 2016b,this study,Razafindratsima unpbl. Data,Razafindratsima unpub. Data,Razafindratsima unpub. Data,Razafindratsima unpub. Data,Razafindratsima unpub. Data
doratoxylon_stipulatum,Wright unbpl. Data,Wright unbpl. Data,Wright unpbl. Data,Wright unpb. Data,this study,Razafindratsima unpbl. Data,Brown unpb. Data,Razafindratsima unpub. Data,Razafindratsima unpub. Data,Razafindratsima unpub. Data
macphersonia_gracilis,Razafindratsima and Dunham 2016b,MBG voucher,MBG voucher,Razafindratsima and Dunham 2016b,this study,Razafindratsima unpbl. Data,Razafindratsima unpub. Data,Razafindratsima unpub. Data,Razafindratsima unpub. Data,Razafindratsima unpub. Data
plagioscyphus_louvelii,Razafindratsima and Dunham 2016a,MBG voucher,MBG voucher,Razafindratsima and Dunham 2016b,this study,Razafindratsima unpbl. Data,Brown unpb. Data,Razafindratsima unpub. Data,Razafindratsima unpub. Data,Razafindratsima unpub. Data
plagioscyphus_sp,Razafindratsima and Dunham 2016b,Razafindratsima unpbl. Data,Razafindratsima and Dunham 2016b,Razafindratsima and Dunham 2016b,this study,Razafindratsima unpbl. Data,Razafindratsima unpub. Data,Razafindratsima unpub. Data,Razafindratsima unpub. Data,Razafindratsima unpub. Data
tina_coursii,local knowledge,MBG voucher,MBG voucher,Hemingway 1996,this study,,genus-level average,Razafindratsima unpub. Data,Razafindratsima unpub. Data,Razafindratsima unpub. Data
tina_striata,Razafindratsima and Dunham 2016b,Razafindratsima unpbl. Data,Razafindratsima and Dunham 2016b,Razafindratsima and Dunham 2016b,this study,Razafindratsima unpbl. Data,Razafindratsima unpub. Data,Razafindratsima unpub. Data,Razafindratsima unpub. Data,Razafindratsima unpub. Data
dombeya_acerifolia,Razafindratsima unpbl. Data,,,,this study,Razafindratsima unpbl. Data,Razafindratsima unpub. Data,Razafindratsima unpub. Data,Razafindratsima unpub. Data,Razafindratsima unpub. Data
dombeya_antsihanakensis,Razafindratsima unpbl. Data,,,,this study,Razafindratsima unpbl. Data,Brown unpb. Data,Razafindratsima unpub. Data,Razafindratsima unpub. Data,Razafindratsima unpub. Data
dombeya_dichotomopsis,Razafindratsima and Dunham 2016a ,,,,this study,Razafindratsima unpbl. Data,Razafindratsima unpub. Data,Razafindratsima unpub. Data,Razafindratsima unpub. Data,Razafindratsima unpub. Data
dombeya_hilsembergii,Razafindratsima unpbl. Data,,,,this study,Razafindratsima unpbl. Data,Razafindratsima unpub. Data,Razafindratsima unpub. Data,Razafindratsima unpub. Data,Razafindratsima unpub. Data
dombeya_lucida,Razafindratsima and Dunham 2016a ,,,,this study,Razafindratsima unpbl. Data,Razafindratsima unpub. Data,Razafindratsima unpub. Data,Razafindratsima unpub. Data,Razafindratsima unpub. Data
dombeya_sp_2,Razafindratsima unpbl. Data,,,,this study,,genus-level average,Razafindratsima unpub. Data,Razafindratsima unpub. Data,Razafindratsima unpub. Data
dombeya_sp_3,Razafindratsima unpbl. Data,,,,this study,Razafindratsima unpbl. Data,Razafindratsima unpub. Data,Razafindratsima unpub. Data,Razafindratsima unpub. Data,Razafindratsima unpub. Data
grewia_brideliifolia,Razafindratsima and Dunham 2016a ,Razafindratsima unpbl. Data,MBG voucher,Wright unpb. Data,this study,Razafindratsima unpbl. Data,Razafindratsima unpub. Data,Razafindratsima unpub. Data,Razafindratsima unpub. Data,Razafindratsima unpub. Data
grewia_sp,Razafindratsima unpbl. Data,Razafindratsima unpbl. Data,MBG voucher,Razafindratsima unpbl. Data,this study,Razafindratsima unpbl. Data,Razafindratsima unpub. Data,Razafindratsima unpub. Data,Razafindratsima unpub. Data,Razafindratsima unpub. Data
aphloia_theiformis,"Overdorff 1993, Razafindratsima et al. 2014 ",Razafindratsima unpbl. Data,Razafindratsima unbpl.data,Razafindratsima unpbl. Data,this study,Razafindratsima unpbl. Data,Razafindratsima unpub. Data,Razafindratsima unpub. Data,Razafindratsima unpub. Data,Razafindratsima unpub. Data
eugenia_louvelii,Razafindratsima and Dunham 2016b,Dew and Wright 1998,,Dew and Wright 1998,this study,,genus-level average,Razafindratsima unpub. Data,Razafindratsima unpub. Data,Razafindratsima unpub. Data
syzygium_bernieri_1,Razafindratsima and Dunham 2016b,Razafindratsima unpbl. Data,Razafindratsima and Dunham 2016b,Razafindratsima unpbl. Data,this study,Razafindratsima unpbl. Data,genus-level average,Razafindratsima unpub. Data,Razafindratsima unpub. Data,Razafindratsima unpub. Data
syzygium_bernieri_2,Razafindratsima and Dunham 2016b,Razafindratsima unpbl. Data,Razafindratsima and Dunham 2016b,Razafindratsima unpbl. Data,this study,Razafindratsima unpbl. Data,Razafindratsima unpub. Data,Razafindratsima unpub. Data,Razafindratsima unpub. Data,Razafindratsima unpub. Data
syzygium_emirnense,"Overdorff 1993, White et al. 1995, Razafindratsima et al. 2014",Razafindratsima unpbl. Data,Razafindratsima and Dunham 2016b,Razafindratsima and Dunham 2016b,this study,Razafindratsima unpbl. Data,Razafindratsima unpub. Data,Razafindratsima unpub. Data,Razafindratsima unpub. Data,Razafindratsima unpub. Data
syzygium_jambos,Razafindratsima and Dunham 2016b,Razafindratsima unpbl. Data,Razafindratsima and Dunham 2016b,Razafindratsima and Dunham 2016b,this study,Razafindratsima unpbl. Data,Brown unpb. Data,Razafindratsima unpub. Data,Razafindratsima unpub. Data,Razafindratsima unpub. Data
syzygium_parkeri,"Dew and Wright 1998, Razafindratsima et al. 2014",MBG voucher,Razafindratsima and Dunham 2016b,Razafindratsima unpbl. Data,this study,,Brown unpb. Data,Razafindratsima unpub. Data,Razafindratsima unpub. Data,Razafindratsima unpub. Data
syzygium_parkeri_1,Razafindratsima and Dunham 2016a ,Razafindratsima unpbl. Data,Razafindratsima and Dunham 2016b,Razafindratsima and Dunham 2016b,this study,Razafindratsima unpbl. Data,Razafindratsima unpub. Data,Razafindratsima unpub. Data,Razafindratsima unpub. Data,Razafindratsima unpub. Data
syzygium_parkeri_2,Razafindratsima and Dunham 2016b,Razafindratsima unpbl. Data,Razafindratsima and Dunham 2016b,Razafindratsima and Dunham 2016b,this study,Razafindratsima unpbl. Data,Razafindratsima unpub. Data,Razafindratsima unpub. Data,Razafindratsima unpub. Data,Razafindratsima unpub. Data
syzygium_sp,Razafindratsima and Dunham 2016b,Wright unbpl. Data,Wright unpbl. Data,Wright unpb. Data,this study,,Brown unpb. Data,Razafindratsima unpub. Data,Razafindratsima unpub. Data,Razafindratsima unpub. Data
dichaetanthera_oblongifolia,Razafindratsima and Dunham 2016a ,Razafindratsima unpbl. Data,Razafindratsima unbpl.data,Razafindratsima unpbl. Data,this study,Razafindratsima unpbl. Data,Brown unpb. Data,Razafindratsima unpub. Data,Razafindratsima unpub. Data,Razafindratsima unpub. Data
terminalia_tetrandra,,,,,this study,Razafindratsima unpbl. Data,Razafindratsima unpub. Data,Razafindratsima unpub. Data,Razafindratsima unpub. Data,Razafindratsima unpub. Data
ficus_pachyclada,Razafindratsima and Dunham 2016b,Razafindratsima unpbl. Data,Razafindratsima and Dunham 2016b,Razafindratsima unpbl. Data,this study,Razafindratsima unpbl. Data,Brown unpb. Data,Razafindratsima unpub. Data,Razafindratsima unpub. Data,Razafindratsima unpub. Data
ficus_politoria,"Dew and Wright 1998, Razafindratsima et al. 2014, and Razafindratsima and Dunham 2016a",Razafindratsima unpbl. Data,Razafindratsima and Dunham 2016b,Razafindratsima unpbl. Data,this study,Razafindratsima unpbl. Data,Razafindratsima unpub. Data,Razafindratsima unpub. Data,Razafindratsima unpub. Data,Razafindratsima unpub. Data
ficus_tiliifolia,Razafindratsima and Dunham 2016b,Razafindratsima unpbl. Data,Razafindratsima and Dunham 2016b,Razafindratsima unpbl. Data,this study,Razafindratsima unpbl. Data,Razafindratsima unpub. Data,Razafindratsima unpub. Data,Razafindratsima unpub. Data,Razafindratsima unpub. Data
ficus_trichoclada,local knowledge,Razafindratsima unpbl. Data,Razafindratsima unbpl.data,Razafindratsima unpbl. Data,this study,Razafindratsima unpbl. Data,Razafindratsima unpub. Data,Razafindratsima unpub. Data,Razafindratsima unpub. Data,Razafindratsima unpub. Data
streblus_dimepate,"Razafindratsima et al. 2014, Razafindratsima and Dunham 2016a",Razafindratsima unpbl. Data,Razafindratsima and Dunham 2016b,Razafindratsima and Dunham 2016b,this study,Razafindratsima unpbl. Data,Brown unpb. Data,Razafindratsima unpub. Data,Razafindratsima unpub. Data,Razafindratsima unpub. Data
streblus_mauritianus,Razafindratsima and Dunham 2016b,Wright unbpl. Data,Wright unpbl. Data,Wright unpb. Data,this study,Razafindratsima unpbl. Data,Razafindratsima unpub. Data,Razafindratsima unpub. Data,Razafindratsima unpub. Data,Razafindratsima unpub. Data
trilepisium_madagascariensis,Razafindratsima and Dunham 2016b,Razafindratsima unpbl. Data,Razafindratsima and Dunham 2016b,Razafindratsima and Dunham 2016b,this study,Razafindratsima unpbl. Data,Razafindratsima unpub. Data,Razafindratsima unpub. Data,Razafindratsima unpub. Data,Razafindratsima unpub. Data
colubrina_sp,local knowledge,,,,this study,Razafindratsima unpbl. Data,Razafindratsima unpub. Data,Razafindratsima unpub. Data,Razafindratsima unpub. Data,Razafindratsima unpub. Data
dalbergia_baronii,Razafindratsima and Dunham 2016a ,,MBG voucher,Wright unpb. Data,this study,Razafindratsima unpbl. Data,Razafindratsima unpub. Data,Razafindratsima unpub. Data,Razafindratsima unpub. Data,Razafindratsima unpub. Data
albizia_gummifera,Razafindratsima and Dunham 2016a ,Razafindratsima unpbl. Data,Razafindratsima unbpl.data,Razafindratsima unpbl. Data,this study,Razafindratsima unpbl. Data,Brown unpb. Data,Razafindratsima unpub. Data,Razafindratsima unpub. Data,Razafindratsima unpub. Data
entada_louvelii,Razafindratsima unpbl. Data,MBG voucher,MBG voucher,Razafindratsima unpbl. Data,this study,,Razafindratsima unpub. Data,Razafindratsima unpub. Data,Razafindratsima unpub. Data,Razafindratsima unpub. Data
cynometra_lyalii,Razafindratsima unpbl. Data,,Wright unpbl. Data,Wright unpb. Data,this study,Razafindratsima unpbl. Data,Razafindratsima unpub. Data,Razafindratsima unpub. Data,Razafindratsima unpub. Data,Razafindratsima unpub. Data
viguieranthus_subauriculatus,Razafindratsima and Dunham 2016b,Wright unbpl. Data,Wright unpbl. Data,Wright unpb. Data,this study,Razafindratsima unpbl. Data,Razafindratsima unpub. Data,Razafindratsima unpub. Data,Razafindratsima unpub. Data,Razafindratsima unpub. Data
erythroxylum_nitidulum,local knowledge,Wright unbpl. Data,MBG voucher,Razafindratsima unpbl. Data,this study,Razafindratsima unpbl. Data,Razafindratsima unpub. Data,Razafindratsima unpub. Data,Razafindratsima unpub. Data,Razafindratsima unpub. Data
erythroxylum_sphaeranthum,local knowledge,Wright unbpl. Data,MBG voucher,MBG voucher,this study,Razafindratsima unpbl. Data,Brown unpb. Data,Razafindratsima unpub. Data,Razafindratsima unpub. Data,Razafindratsima unpub. Data
bridelia_tulasneana,Razafindratsima and Dunham 2016a,Razafindratsima unpbl. Data,Razafindratsima and Dunham 2016b,Razafindratsima and Dunham 2016b,this study,Razafindratsima unpbl. Data,Brown unpb. Data,Razafindratsima unpub. Data,Razafindratsima unpub. Data,Razafindratsima unpub. Data
croton_mongue,Razafindratsima unpbl. Data,,MBG voucher,,this study,Razafindratsima unpbl. Data,Razafindratsima unpub. Data,Razafindratsima unpub. Data,Razafindratsima unpub. Data,Razafindratsima unpub. Data
croton_sp_3,local knowledge,,,,this study,,Razafindratsima unpub. Data,Razafindratsima unpub. Data,Razafindratsima unpub. Data,Razafindratsima unpub. Data
drypetes_madagascariensis,Razafindratsima and Dunham 2016a,Razafindratsima unpbl. Data,Razafindratsima and Dunham 2016b,Razafindratsima unpbl. Data,this study,Razafindratsima unpbl. Data,Razafindratsima unpub. Data,Razafindratsima unpub. Data,Razafindratsima unpub. Data,Razafindratsima unpub. Data
macaranga_boutonioides,Razafindratsima and Dunham 2016a,MBG voucher,MBG voucher,,this study,Razafindratsima unpbl. Data,Razafindratsima unpub. Data,Razafindratsima unpub. Data,Razafindratsima unpub. Data,Razafindratsima unpub. Data
macaranga_myriolepida,Razafindratsima and Dunham 2016b,"Hemingway 1996, MBG voucher",Wright unpbl. Data,Wright unpb. Data,this study,Razafindratsima unpbl. Data,Razafindratsima unpub. Data,Razafindratsima unpub. Data,Razafindratsima unpub. Data,Razafindratsima unpub. Data
macaranga_sp,,,,,this study,,Brown unpb. Data,Razafindratsima unpub. Data,Razafindratsima unpub. Data,Razafindratsima unpub. Data
calophyllum_drouhardii,local knowledge,MBG voucher,MBG voucher,Razafindratsima unpbl. Data,this study,Razafindratsima unpbl. Data,Razafindratsima unpub. Data,Razafindratsima unpub. Data,Razafindratsima unpub. Data,Razafindratsima unpub. Data
calophyllum_paniculatum,Razafindratsima and Dunham 2016a,Razafindratsima unpbl. Data,Razafindratsima and Dunham 2016b,Razafindratsima and Dunham 2016b,this study,Razafindratsima unpbl. Data,Brown unpb. Data,Razafindratsima unpub. Data,Razafindratsima unpub. Data,Razafindratsima unpub. Data
garcinia_aphanophlebia,local knowledge,MBG voucher,MBG voucher,Wright unpb. Data,this study,Razafindratsima unpbl. Data,Brown unpb. Data,Razafindratsima unpub. Data,Razafindratsima unpub. Data,Razafindratsima unpub. Data
garcinia_goudotiana,"Overdorff 1993, Razafindratsima et al. 2014 ",Razafindratsima unpbl. Data,Razafindratsima and Dunham 2016b,Razafindratsima and Dunham 2016b,this study,Razafindratsima unpbl. Data,Razafindratsima unpub. Data,Razafindratsima unpub. Data,Razafindratsima unpub. Data,Razafindratsima unpub. Data
harungana_madagascariensis,Razafindratsima and Dunham 2016b,Razafindratsima unpbl. Data,Razafindratsima and Dunham 2016b,Razafindratsima unpbl. Data,this study,Razafindratsima unpbl. Data,Brown unpb. Data,Razafindratsima unpub. Data,Razafindratsima unpub. Data,Razafindratsima unpub. Data
mammea_bongo,Razafindratsima et al. 2014 ,Razafindratsima unpbl. Data,Razafindratsima and Dunham 2016b,Razafindratsima and Dunham 2016b,this study,Razafindratsima unpbl. Data,Brown unpb. Data,Razafindratsima unpub. Data,Razafindratsima unpub. Data,Razafindratsima unpub. Data
mammea_vatoensis,"Dew and Wright 1998, Razafindratsima et al. 2014",Razafindratsima unpbl. Data,Razafindratsima and Dunham 2016b,Dew and Wright 1998,this study,Razafindratsima unpbl. Data,Razafindratsima unpub. Data,Razafindratsima unpub. Data,Razafindratsima unpub. Data,Razafindratsima unpub. Data
symphonia_gymnoclada,"Overdorff 1993, Razafindratsima and Dunham 2016a",Razafindratsima unpbl. Data,Razafindratsima and Dunham 2016b,Razafindratsima and Dunham 2016b,this study,Razafindratsima unpbl. Data,Razafindratsima unpub. Data,Razafindratsima unpub. Data,Razafindratsima unpub. Data,Razafindratsima unpub. Data
homalium_albiflorum,,,,,this study,,genus-level average,Razafindratsima unpub. Data,Razafindratsima unpub. Data,Razafindratsima unpub. Data
homalium_parkeri,Razafindratsima and Dunham 2016b,Razafindratsima unpbl. Data,Razafindratsima and Dunham 2016b,Razafindratsima and Dunham 2016b,this study,Razafindratsima unpbl. Data,Razafindratsima unpub. Data,Razafindratsima unpub. Data,Razafindratsima unpub. Data,Razafindratsima unpub. Data
scolopia_madagascariensis,Razafindratsima and Dunham 2016b,"Hemingway 1996, MBG voucher",MBG voucher,Wright unpb. Data,this study,Razafindratsima unpbl. Data,Razafindratsima unpub. Data,Razafindratsima unpub. Data,Razafindratsima unpub. Data,Razafindratsima unpub. Data
scolopia_sp,Razafindratsima and Dunham 2016b,,,,this study,Razafindratsima unpbl. Data,Razafindratsima unpub. Data,Razafindratsima unpub. Data,Razafindratsima unpub. Data,Razafindratsima unpub. Data
weinmannia_bojeriana,Razafindratsima unpbl. Data,Razafindratsima unpbl. Data,Razafindratsima unbpl.data,,this study,Razafindratsima unpbl. Data,Razafindratsima unpub. Data,Razafindratsima unpub. Data,Razafindratsima unpub. Data,Razafindratsima unpub. Data
weinmannia_rutenbergii,Razafindratsima and Dunham 2016b,MBG voucher,MBG voucher,,this study,Razafindratsima unpbl. Data,Zanne et al.,Razafindratsima unpub. Data,Razafindratsima unpub. Data,Razafindratsima unpub. Data
elaeocarpus_subserratus,Razafindratsima and Dunham 2016b,Razafindratsima unpbl. Data,Razafindratsima and Dunham 2016b,Razafindratsima unpbl. Data,this study,Razafindratsima unpbl. Data,Razafindratsima unpub. Data,Razafindratsima unpub. Data,Razafindratsima unpub. Data,Razafindratsima unpub. Data
sloanea_rhodantha,Razafindratsima and Dunham 2016a ,Razafindratsima unpbl. Data,Razafindratsima unbpl.data,Razafindratsima unpbl. Data,this study,Razafindratsima unpbl. Data,Razafindratsima unpub. Data,Razafindratsima unpub. Data,Razafindratsima unpub. Data,Razafindratsima unpub. Data
polycardia_libera,,MBG voucher,MBG voucher,Razafindratsima unpbl. Data,this study,Razafindratsima unpbl. Data,Razafindratsima unpub. Data,Razafindratsima unpub. Data,Razafindratsima unpub. Data,Razafindratsima unpub. Data
dilobeia_thouarsii,Razafindratsima and Dunham 2016b,Razafindratsima unpbl. Data,Razafindratsima and Dunham 2016b,Razafindratsima and Dunham 2016b,this study,Razafindratsima unpbl. Data,Razafindratsima unpub. Data,Razafindratsima unpub. Data,Razafindratsima unpub. Data,Razafindratsima unpub. Data
ravenea_robustior,Razafindratsima and Dunham 2016b,Razafindratsima unpbl. Data,Razafindratsima and Dunham 2016b,Razafindratsima and Dunham 2016b,this study,Razafindratsima unpbl. Data,genus-level average,Razafindratsima unpub. Data,Razafindratsima unpub. Data,Razafindratsima unpub. Data
ravenala_madagascariensis,Razafindratsima and Dunham 2016b,,,,this study,Razafindratsima unpbl. Data,Brown unpb. Data,Razafindratsima unpub. Data,Razafindratsima unpub. Data,Razafindratsima unpub. Data
dracaena_reflexa,Razafindratsima and Dunham 2016b,Razafindratsima unpbl. Data,Razafindratsima and Dunham 2016b,Razafindratsima and Dunham 2016b,this study,Razafindratsima unpbl. Data,Razafindratsima unpub. Data,Razafindratsima unpub. Data,Razafindratsima unpub. Data,Razafindratsima unpub. Data
dracaena_sp_1,Razafindratsima and Dunham 2016b,Razafindratsima unpbl. Data,Razafindratsima and Dunham 2016b,Razafindratsima and Dunham 2016b,this study,Razafindratsima unpbl. Data,Razafindratsima unpub. Data,Razafindratsima unpub. Data,Razafindratsima unpub. Data,Razafindratsima unpub. Data
pandanus_acanthostylus,local knowledge,,,,this study,Razafindratsima unpbl. Data,genus-level average,Razafindratsima unpub. Data,Razafindratsima unpub. Data,Razafindratsima unpub. Data
pandanus_sp,Razafindratsima and Dunham 2016b,,,,this study,,genus-level average,Razafindratsima unpub. Data,Razafindratsima unpub. Data,Razafindratsima unpub. Data
pandanus_sp_2,Razafindratsima and Dunham 2016b,,,,this study,Razafindratsima unpbl. Data,genus-level average,Razafindratsima unpub. Data,Razafindratsima unpub. Data,Razafindratsima unpub. Data
ambavia_capuronii,Razafindratsima and Dunham 2016b,Razafindratsima unpbl. Data,Razafindratsima and Dunham 2016b,Razafindratsima and Dunham 2016b,this study,Razafindratsima unpbl. Data,Brown unpb. Data,Razafindratsima unpub. Data,Razafindratsima unpub. Data,Razafindratsima unpub. Data
polyalthia_henricii,Razafindratsima and Dunham 2016b,,,,this study,Razafindratsima unpbl. Data,genus-level average,Razafindratsima unpub. Data,Razafindratsima unpub. Data,Razafindratsima unpub. Data
xylopia_buxifolia,Razafindratsima et al. 2014 ,Hemingway 1996,,,this study,Razafindratsima unpbl. Data,Razafindratsima unpub. Data,Razafindratsima unpub. Data,Razafindratsima unpub. Data,Razafindratsima unpub. Data
aspidostemon_humbertianum,Razafindratsima and Dunham 2016b,MBG voucher,MBG voucher,Razafindratsima unpbl. Data,this study,Razafindratsima unpbl. Data,family-level average,Razafindratsima unpub. Data,Razafindratsima unpub. Data,Razafindratsima unpub. Data
beilschmiedia_pedicellata,Overdorff 1993,MBG voucher,MBG voucher,Razafindratsima unpbl. Data,this study,Razafindratsima unpbl. Data,Razafindratsima unpub. Data,Razafindratsima unpub. Data,Razafindratsima unpub. Data,Razafindratsima unpub. Data
cryptocarya_crassifolia_1,Razafindratsima and Dunham 2016b,MBG voucher,MBG voucher,Razafindratsima unpbl. Data,this study,Razafindratsima unpbl. Data,Razafindratsima unpub. Data,Razafindratsima unpub. Data,Razafindratsima unpub. Data,Razafindratsima unpub. Data
cryptocarya_crassifolia_2,Razafindratsima et al. 2014 ,Razafindratsima unpbl. Data,MBG voucher,Razafindratsima and Dunham 2016b,this study,Razafindratsima unpbl. Data,Razafindratsima unpub. Data,Razafindratsima unpub. Data,Razafindratsima unpub. Data,Razafindratsima unpub. Data
cryptocarya_crassifolia_3,Razafindratsima and Dunham 2016b,Razafindratsima unpbl. Data,Razafindratsima and Dunham 2016b,Razafindratsima and Dunham 2016b,this study,Razafindratsima unpbl. Data,Razafindratsima unpub. Data,Razafindratsima unpub. Data,Razafindratsima unpub. Data,Razafindratsima unpub. Data
cryptocarya_crassifolia_4,local knowledge,MBG voucher,MBG voucher,MBG voucher,this study,Razafindratsima unpbl. Data,Razafindratsima unpub. Data,Razafindratsima unpub. Data,Razafindratsima unpub. Data,Razafindratsima unpub. Data
cryptocarya_sp_1,Razafindratsima and Dunham 2016b,,,,this study,,genus-level average,Razafindratsima unpub. Data,Razafindratsima unpub. Data,Razafindratsima unpub. Data
cryptocarya_sp_2,Razafindratsima and Dunham 2016b,,,,this study,,genus-level average,Razafindratsima unpub. Data,Razafindratsima unpub. Data,Razafindratsima unpub. Data
cryptocarya_sp_3,local knowledge,Dew and Wright 1998,,Dew and Wright 1998,this study,Razafindratsima unpbl. Data,Razafindratsima unpub. Data,Razafindratsima unpub. Data,Razafindratsima unpub. Data,Razafindratsima unpub. Data
cryptocarya_sp_4,"Dew and Wright 1998, Razafindratsima et al. 2014",Razafindratsima unpbl. Data,Razafindratsima and Dunham 2016b,Razafindratsima and Dunham 2016b,this study,Razafindratsima unpbl. Data,Razafindratsima unpub. Data,Razafindratsima unpub. Data,Razafindratsima unpub. Data,Razafindratsima unpub. Data
cryptocarya_thouvenotii,"Razafindratsima et al. 2014, Razafindratsima and Dunham 2016a",Razafindratsima unpbl. Data,Razafindratsima and Dunham 2016b,Razafindratsima and Dunham 2016b,this study,Razafindratsima unpbl. Data,Razafindratsima unpub. Data,Razafindratsima unpub. Data,Razafindratsima unpub. Data,Razafindratsima unpub. Data
ocotea_auriculiformis,local knowledge,MBG voucher,MBG voucher,Razafindratsima unpbl. Data,this study,Razafindratsima unpbl. Data,Brown unpb. Data,Razafindratsima unpub. Data,Razafindratsima unpub. Data,Razafindratsima unpub. Data
ocotea_nervosa,Overdorff 1993; White et al. 1995; Dew & Wright 1998; Razafindratsima et al. 2014,Razafindratsima unpbl. Data,Razafindratsima and Dunham 2016b,Razafindratsima and Dunham 2016b,this study,Razafindratsima unpbl. Data,Razafindratsima unpub. Data,Razafindratsima unpub. Data,Razafindratsima unpub. Data,Razafindratsima unpub. Data
ocotea_racemosa_1,Razafindratsima and Dunham 2016b,"Hemingway 1996, MBG voucher",MBG voucher,Wright unpb. Data,this study,Razafindratsima unpbl. Data,Razafindratsima unpub. Data,Razafindratsima unpub. Data,Razafindratsima unpub. Data,Razafindratsima unpub. Data
ocotea_racemosa_2,Razafindratsima and Dunham 2016b,Razafindratsima unpbl. Data,Razafindratsima and Dunham 2016b,Razafindratsima and Dunham 2016b,this study,,Razafindratsima unpub. Data,Razafindratsima unpub. Data,Razafindratsima unpub. Data,Razafindratsima unpub. Data
ocotea_sp,Razafindratsima and Dunham 2016b,Razafindratsima unpbl. Data,Razafindratsima and Dunham 2016b,Razafindratsima and Dunham 2016b,this study,Razafindratsima unpbl. Data,Razafindratsima unpub. Data,Razafindratsima unpub. Data,Razafindratsima unpub. Data,Razafindratsima unpub. Data
potameia_rubra,Razafindratsima et al. 2014 ,Razafindratsima unpbl. Data,Razafindratsima and Dunham 2016b,Razafindratsima and Dunham 2016b,this study,Razafindratsima unpbl. Data,Razafindratsima unpub. Data,Razafindratsima unpub. Data,Razafindratsima unpub. Data,Razafindratsima unpub. Data
ephippiandra_madagascariensis,Razafindratsima et al. 2014 ,Razafindratsima unpbl. Data,Razafindratsima and Dunham 2016b,Razafindratsima unpbl. Data,this study,Razafindratsima unpbl. Data,Razafindratsima unpub. Data,Razafindratsima unpub. Data,Razafindratsima unpub. Data,Razafindratsima unpub. Data
tambourissa_perrieri,"Overdorff 1993, Razafindratsima et al. 2014 ",Razafindratsima unpbl. Data,Razafindratsima and Dunham 2016b,Razafindratsima and Dunham 2016b,this study,Razafindratsima unpbl. Data,Razafindratsima unpub. Data,Razafindratsima unpub. Data,Razafindratsima unpub. Data,Razafindratsima unpub. Data
tambourissa_thouvenotii,"Overdorff 1993, Razafindratsima and Dunham 2016a",Razafindratsima unpbl. Data,Razafindratsima unbpl.data,Razafindratsima unpbl. Data,this study,Razafindratsima unpbl. Data,Razafindratsima unpub. Data,Razafindratsima unpub. Data,Razafindratsima unpub. Data,Razafindratsima unpub. Data
cinnamosma_madagascariensis,Razafindratsima and Dunham 2016b,Razafindratsima unpbl. Data,Razafindratsima and Dunham 2016b,Razafindratsima unpbl. Data,this study,Razafindratsima unpbl. Data,Razafindratsima unpub. Data,Razafindratsima unpub. Data,Razafindratsima unpub. Data,Razafindratsima unpub. Data